enterprise_value_q,cost_of_equity,used_growth_rate,levered_wacc,FCFE,FCFE_Net_Income,FCFF_op_cash_with_tax,FCFF_ebit_with_tax,ev_sales_valuation,ebitda_valuation
222556988.10,0.17,0.01,0.11,22724000.00,-16744000.00,35735153.80,40757602.20,97067397.17,185412450.30
222556988.10,0.17,0.01,0.11,37347000.00,-38807000.00,36989106.00,82993480.50,102815884.50,210305258.00
263759247.10,0.17,0.01,0.11,9154000.00,5121000.00,15020476.80,24806972.80,88682598.59,96806321.43
205056750.50,0.17,0.02,0.11,17051000.00,21035000.00,21020608.20,24250687.60,102489304.90,140929778.30
239167903.40,0.16,0.02,0.11,22720000.00,38997000.00,26021402.00,13541457.20,106671387.90,162152480.10
257247229.00,0.16,0.02,0.12,32004000.00,40435000.00,35011586.20,10701319.80,109534687.70,147259199.90
262207358.40,0.16,0.00,0.12,-3264000.00,12425000.00,793330.20,7648376.00,104508431.70,76113615.05
210809365.80,0.17,0.01,0.12,38312000.00,40361000.00,18666303.00,16747148.00,111653755.90,119989331.80
154031659.00,0.22,0.00,0.09,119679000.00,142533000.00,-1984280.00,12989870.00,122191099.30,105584679.00
196243604.90,0.20,0.01,0.12,34908000.00,22394000.00,38694003.00,24947302.50,121078457.50,184567815.00
215286179.90,0.21,0.01,0.12,48235000.00,57983000.00,29887720.00,-3116407.90,129369460.00,128524766.80
219916718.00,0.21,0.01,0.12,34188000.00,-19315000.00,39686990.50,60242336.50,142775761.20,168974917.80
228126737.60,0.21,0.02,0.13,19951000.00,17701000.00,25583410.20,38209083.80,147475484.40,218389956.70
248291252.90,0.20,0.01,0.12,55611000.00,10315000.00,63889520.00,32430824.00,152372128.10,198831840.10
248283414.40,0.20,0.00,0.12,3190000.00,-8348000.00,9737457.60,28735346.90,143874625.70,166022558.70
259389055.20,0.20,0.01,0.12,5623000.00,13627000.00,13574334.40,26488032.00,154140470.10,307194503.10
295855457.30,0.26,0.01,0.14,181133000.00,208518000.00,34607010.00,-3311860.00,195884459.90,364631628.00
267530360.80,0.25,0.01,0.13,54362000.00,14281000.00,61355417.60,34981220.40,200986821.40,359017391.10
300157482.10,0.24,0.00,0.13,-7551000.00,26613000.00,-732754.50,1619030.80,184855091.80,185337356.30
279177332.20,0.24,0.01,0.13,32256000.00,-2787000.00,39147564.00,47788685.90,194896039.50,284988779.20
274743006.80,0.26,-0.01,0.09,5673000.00,-23970000.00,3524820.00,21847920.00,211357302.30,-37692902.49
224026355.50,0.27,-0.03,0.09,73122000.00,-31688000.00,82094500.00,-21902370.00,212590538.80,-281861623.10
226627218.30,0.20,0.00,0.10,-13783000.00,-13781000.00,-6896004.80,33305884.90,312873827.80,126411614.80
220362772.60,0.25,0.01,0.12,70726000.00,-11085000.00,81286086.70,43361214.50,341138792.30,192664878.30
195502179.30,0.24,0.01,0.12,12365000.00,23395000.00,21103603.20,23683266.80,360871643.80,261700764.00
208992550.30,0.27,-0.03,0.09,70879000.00,-3579000.00,75283410.00,-27531170.00,334679241.00,-125911787.20
248077800.40,0.29,0.00,0.09,37288000.00,-54667000.00,10518850.00,99362830.00,467317246.90,66820931.15
236931840.90,0.29,0.00,0.13,17797000.00,-3313000.00,23027636.30,34195537.20,473324312.20,204853321.10
229000287.50,0.26,0.01,0.12,33924000.00,7114000.00,40969232.50,37816891.00,490556862.30,335098737.50
263172664.70,0.28,0.01,0.14,37145000.00,30252000.00,44642078.40,28632120.00,511669041.60,400873811.80
245067521.40,0.29,0.00,0.09,4098000.00,-8480000.00,10528970.00,25262670.00,484742640.60,100513313.60
275153976.60,0.28,0.01,0.13,15182000.00,6354000.00,20071205.20,28791111.20,499916354.60,201928356.30
258825616.50,0.28,0.00,0.09,-22497000.00,-84920000.00,15127300.00,70319300.00,506853378.60,102687576.60
188487579.20,0.28,0.00,0.09,37647000.00,3863000.00,35180890.00,19480180.00,498376451.70,83473159.28
220345600.90,0.33,0.00,0.09,7542000.00,-21165000.00,4079100.00,39846330.00,488903640.70,134532974.10
219179511.50,0.33,-0.01,0.09,13890000.00,-34233000.00,29310140.00,30777940.00,562769575.20,151866546.30
239202998.50,0.32,0.01,0.09,18672000.00,12277000.00,27051340.00,13332720.00,545200019.90,328744502.20
97507679.34,0.12,0.01,0.07,34063000.00,13420000.00,36069208.80,25103818.40,142648022.10,207687862.90
97507679.34,0.14,-0.01,0.09,49363000.00,-46583000.00,52427390.00,70938740.00,110332704.00,59785843.80
97507679.34,0.14,0.00,0.09,2558000.00,7160000.00,5430940.00,29651280.00,118138529.40,98582630.70
97507679.34,0.13,0.01,0.08,19274000.00,5165000.00,24740911.20,37014157.50,143590467.70,138727029.60
182667575.20,0.13,0.01,0.08,32457000.00,-10370000.00,34616869.00,57139602.00,133412548.50,150268363.80
182667575.20,0.19,-0.01,0.09,132390000.00,118276000.00,39268670.00,721770.00,111873987.30,66704028.75
182667575.20,0.15,0.00,0.08,-33774000.00,-53835000.00,17968479.50,40905493.20,129388024.30,133900185.00
182667575.20,0.15,0.02,0.08,20632000.00,-4257000.00,23326427.60,63486279.40,155718040.90,248275359.60
181665052.00,0.15,0.02,0.08,40215000.00,32045000.00,42765423.60,28203589.20,163848020.00,248963152.30
181665052.00,0.15,0.00,0.08,73934000.00,-3794000.00,76624244.50,44380277.00,157867733.60,158200542.00
181665052.00,0.15,0.01,0.08,16908000.00,12129000.00,19528901.40,40811380.10,174808847.60,221718842.80
181665052.00,0.14,0.02,0.08,11447000.00,34432000.00,14080707.50,25963515.00,187756142.40,259035374.60
323177681.30,0.14,0.02,0.08,40220000.00,17514000.00,42791615.40,39363731.80,190856739.40,244412005.70
323177681.30,0.20,0.00,0.08,312392000.00,264479000.00,82987771.20,15402724.80,241183173.70,325903673.30
323177681.30,0.22,0.01,0.09,30907000.00,62259000.00,20846578.90,19352306.80,285616396.20,476195452.70
323177681.30,0.22,0.01,0.09,45762000.00,48589000.00,38442044.80,45939700.20,312564579.80,616314862.00
350654762.50,0.22,0.02,0.09,44032000.00,116524000.00,15726600.00,4468600.00,334824617.90,681903378.00
350654762.50,0.25,0.00,0.09,46949000.00,-120041000.00,110883000.00,106674770.00,232153969.10,342900103.90
350654762.50,0.19,0.01,0.09,38626000.00,-1332000.00,54933395.70,54193784.30,253416033.50,576485320.40
350654762.50,0.20,0.01,0.09,48901000.00,121535000.00,9235872.60,5211192.00,286580121.90,773205849.90
670169178.00,0.20,0.02,0.09,38589000.00,66297000.00,33022219.10,34922431.00,303414521.60,871198692.50
670169178.00,0.19,0.01,0.09,59750000.00,-55376000.00,97169620.50,91497494.00,425817392.00,356883316.70
670169178.00,0.20,0.02,0.09,87730000.00,35280000.00,82555688.00,66729084.00,475324778.40,492506965.00
670169178.00,0.22,0.02,0.09,122161000.00,155221000.00,48857826.60,46208087.20,558460734.20,674852560.80
906270892.90,0.24,0.02,0.09,240902000.00,341920000.00,17587352.30,9324653.80,636454030.90,673771831.90
906270892.90,0.23,0.01,0.09,96463000.00,-34242000.00,130293240.00,100717050.00,873604013.00,665149109.50
906270892.90,0.29,0.02,0.10,75219000.00,53118000.00,85337014.90,76194491.30,1037833198.00,968114967.90
906270892.90,0.26,0.03,0.09,211221000.00,-72379000.00,250118692.00,216363482.40,1232259941.00,1311323410.00
884263047.40,0.26,0.03,0.09,66521000.00,239894000.00,4210542.50,4988432.50,1247974726.00,1314447311.00
884263047.40,0.25,0.01,0.09,105099000.00,-44678000.00,148307831.80,131732986.00,1138418914.00,871167138.60
884263047.40,0.27,0.02,0.09,162446000.00,115886000.00,106548412.80,104257011.20,1276766788.00,1142963774.00
884263047.40,0.24,0.02,0.09,144941000.00,-94435000.00,222034136.50,197433237.10,1266779489.00,1264013132.00
655978287.40,0.24,0.02,0.09,108036000.00,860000.00,119143018.80,143474362.40,1227856465.00,1020564032.00
655978287.40,0.27,0.02,0.09,130711000.00,80758000.00,143306870.00,48791960.00,942593568.00,468533568.50
655978287.40,0.24,0.01,0.10,54261000.00,36324000.00,66462648.80,87424350.00,1052289185.00,664844881.10
655978287.40,0.23,0.02,0.10,51434000.00,56168000.00,66188789.00,93562635.00,1150263046.00,832411961.30
655978287.40,0.25,0.01,0.10,95705000.00,280010000.00,-42761.00,-21093121.40,1220428127.00,818922230.30
655978287.40,0.28,-0.01,0.09,172672000.00,-44017000.00,189780130.00,114173920.00,1315859334.00,813297964.90
615916813.10,0.26,0.01,0.10,-10354000.00,40263000.00,-1823929.10,89507380.30,1465485078.00,1496678789.00
702036678.80,0.27,0.01,0.10,49560000.00,217988000.00,-6403507.40,10331122.80,1554211168.00,1944951618.00
1474646065.00,0.14,0.02,0.12,204330000.00,274258000.00,209116005.50,140736843.70,3067112668.00,2508058768.00
1474646065.00,0.14,0.02,0.11,396094000.00,3136315000.00,406299218.00,-2753037677.00,3100428019.00,2491229663.00
1616293407.00,0.14,0.02,0.13,-217727000.00,309575000.00,-205641027.20,48254625.20,2539201490.00,1188799403.00
1488117307.00,0.14,0.02,0.11,86823000.00,158416000.00,88412944.00,249428383.00,2659617598.00,1281363354.00
1701099897.00,0.14,-0.01,-2.69,502921000.00,-124943000.00,415371557.50,25339585.00,2845129312.00,230751774.30
2408234257.00,0.14,0.01,0.09,377518000.00,198969000.00,382384030.00,35018940.00,2718860841.00,330872696.30
2685509596.00,0.14,0.02,0.11,381777000.00,-8720000.00,414903928.70,355874137.50,2726783602.00,1515461585.00
2272348027.00,0.14,0.02,0.13,104207000.00,224764000.00,146205007.20,170467436.00,3253025466.00,1731775506.00
1540578135.00,0.16,0.01,0.07,837477000.00,813459000.00,349124252.40,49480504.40,3255040184.00,1439400438.00
1773564582.00,0.16,0.02,0.07,265018000.00,-102886000.00,274467060.90,513686796.20,3370694247.00,1550158401.00
2160571495.00,0.16,0.02,0.07,-30308000.00,409986000.00,-25129747.20,8662014.40,3918850506.00,1693062529.00
1654462422.00,0.16,0.02,0.07,181481000.00,326519000.00,185631436.00,103362496.00,4441027435.00,1922361406.00
1872853070.00,0.16,0.01,0.07,481479000.00,287568000.00,486286723.00,111618115.90,4445891337.00,1810795598.00
2007523964.00,0.17,0.00,0.09,115973000.00,-348733000.00,128791030.00,380958590.00,4375282215.00,-183822191.30
2243510397.00,0.16,0.02,0.07,-6881000.00,286877000.00,23940937.00,134024686.00,4997809875.00,3506346818.00
1957586535.00,0.16,0.02,0.07,305365000.00,321512000.00,309485692.80,114012723.60,5001081644.00,3419994182.00
2348809045.00,0.16,0.02,0.08,514946000.00,313760000.00,519292414.00,143752756.80,4649066070.00,3496059989.00
2793103741.00,0.16,0.02,0.08,163500000.00,101266000.00,168211551.60,325545077.20,4375854628.00,3281760149.00
2666087811.00,0.16,0.02,0.08,228785000.00,29183000.00,233309432.00,370909624.00,3377900625.00,3822029677.00
2605386085.00,0.15,0.01,0.07,298682000.00,28670000.00,302204268.50,223479751.30,3294484364.00,2999245510.00
2244877158.00,0.15,0.00,0.07,29901000.00,-7480000.00,32158474.60,247100778.40,3412682493.00,3233639475.00
2098456161.00,0.20,0.02,0.08,798559000.00,759490000.00,311024248.00,267460585.70,3422164465.00,4620031270.00
1877689227.00,0.19,0.01,0.08,83260000.00,280490000.00,90970861.60,111425457.70,4725273041.00,2343128488.00
1718108690.00,0.19,0.02,0.08,171101000.00,33188000.00,206997075.30,337091918.90,4996882416.00,2323408682.00
1275971286.00,0.19,0.02,0.08,398312000.00,93483000.00,404942840.00,348689240.00,4554866484.00,2602354296.00
1381631897.00,0.21,-0.01,0.09,231849000.00,-154297000.00,240563490.00,161843140.00,4540394543.00,7130095.00
1821546126.00,0.23,0.01,0.08,360843000.00,-4619000.00,146103316.50,540244092.90,7210788658.00,2471521786.00
1705665522.00,0.23,0.01,0.08,47091000.00,201292000.00,33172656.00,162037120.00,7915305602.00,2539916862.00
1731061574.00,0.26,0.00,0.09,365881000.00,-11012000.00,412110830.00,102907960.00,7769826247.00,638207763.90
1755789330.00,0.19,0.00,0.07,267752000.00,-27990000.00,310931828.80,257471540.40,8132968002.00,2668860282.00
1714309945.00,0.24,0.00,0.09,269012000.00,100429000.00,336348795.20,92772248.00,8199455856.00,1557681426.00
1495591521.00,0.25,0.00,0.09,219104000.00,-33196000.00,232117670.00,100852490.00,7996308481.00,319745100.90
1409162952.00,0.22,0.01,0.08,169544000.00,194917000.00,180442674.00,117937276.40,8378723287.00,2288697950.00
1743355641.00,0.19,0.00,0.07,77861000.00,146882000.00,85523614.10,96059389.40,8524039286.00,2128643696.00
1909653979.00,0.26,0.00,0.09,-87414000.00,-420155000.00,-73895520.00,517870120.00,7280598065.00,510625491.80
1675993717.00,0.24,0.01,0.09,74825000.00,285684000.00,36700537.60,115654316.80,7371196327.00,2065029816.00
2010784473.00,0.25,0.01,0.09,208579000.00,400607000.00,156433773.40,-52391315.10,5799150603.00,1581574067.00
1059600450.00,0.19,0.00,0.07,191065000.00,1617000.00,222792392.00,185009400.00,7246347134.00,1758932345.00
1293903584.00,0.27,-0.01,0.09,19976000.00,-219712000.00,34699230.00,238137540.00,7562487113.00,406176041.70
140802166.60,0.08,0.00,0.04,16363000.00,-11742000.00,30433994.00,19533054.00,71880806.51,104279704.30
140802166.60,0.09,0.00,0.04,8386000.00,-249550000.00,30958724.00,251974677.60,82418403.70,110256751.10
141775842.20,0.07,0.01,0.04,32819000.00,1214000.00,46200424.00,26793972.00,77443270.80,133171331.30
141775842.20,0.07,0.01,0.03,43849000.00,26423000.00,45980123.00,13856393.20,86432735.97,137361245.70
141775842.20,0.07,0.01,0.04,37494000.00,26109000.00,39810851.00,6964050.00,83168986.73,113840161.20
141775842.20,0.08,0.01,0.04,21945000.00,-23049000.00,25080777.50,55972896.20,82555294.39,101647888.00
122085701.60,0.08,0.00,0.04,71209000.00,159356000.00,2242880.00,-59209962.40,77843289.24,117120207.60
122085701.60,0.08,0.00,0.04,-2827000.00,16627000.00,-97533.30,7832458.40,77653364.00,104314422.10
122085701.60,0.08,0.01,0.04,35155000.00,16433000.00,38596939.60,20489011.60,79411801.10,156598184.50
122085701.60,0.09,0.01,0.04,3281000.00,24693000.00,8832893.30,4611356.90,25742136.02,134963939.80
191993791.90,0.08,0.00,0.04,-10449000.00,-525000.00,-6769510.40,21392470.40,83494098.47,86176587.87
191993791.90,0.08,0.00,0.04,17750000.00,-7350000.00,21321753.80,29805783.00,87913857.47,92697900.46
191993791.90,0.10,-0.01,0.09,-15965000.00,-18761000.00,-11856050.00,31547220.00,87578063.58,40762613.93
191993791.90,0.05,-0.02,0.02,64223000.00,-68560000.00,66422424.20,88953171.50,58174808.34,139529039.70
189553098.90,0.05,0.00,0.02,13027000.00,27468000.00,2712082.90,7890928.60,112320351.20,221360127.30
189553098.90,0.12,-0.03,0.09,26023000.00,22147000.00,10785840.00,-20077650.00,91728318.00,-73594127.66
189553098.90,0.07,0.00,0.02,31905000.00,12115000.00,29691090.40,19149060.00,117126696.90,224238344.70
189553098.90,0.12,-0.01,0.09,85522000.00,-47803000.00,102179300.00,47156370.00,134843277.20,97145088.86
200652171.50,0.12,-0.01,0.09,29577000.00,-30155000.00,31539640.00,47440720.00,100761058.50,119345212.50
200652171.50,0.12,0.00,-0.05,29592000.00,-34562000.00,20720372.40,40806354.40,106728185.00,215499817.40
200652171.50,0.12,0.00,0.09,15796000.00,-41330000.00,19590580.00,62032130.00,116833644.00,159548284.70
200652171.50,0.13,0.02,0.09,102267000.00,85797000.00,69695230.00,15079550.00,141878587.40,393776001.10
144620161.70,0.14,-0.01,0.09,29104000.00,10888000.00,14607700.00,19022370.00,174400946.00,34419927.17
144620161.70,0.10,0.00,0.03,16134000.00,1022000.00,22597231.70,43553450.50,238663444.00,242006223.50
144620161.70,0.07,0.00,0.02,26411000.00,5267000.00,20654728.00,34874712.00,220604603.00,182284963.20
144620161.70,0.14,0.00,0.09,47012000.00,-33199000.00,58566250.00,63372460.00,222442958.10,175513182.30
155168752.70,0.14,0.00,0.09,30970000.00,10790000.00,22371590.00,25385070.00,259871893.00,137370256.20
154754054.80,0.15,0.00,0.09,19383000.00,-13794000.00,15903370.00,52710120.00,306189339.50,194168898.50
163983432.60,0.12,0.01,0.04,45395000.00,-19321000.00,35238612.60,78272726.60,316826755.30,308433903.60
163983432.60,0.15,-0.01,0.09,54171000.00,37972000.00,55657120.00,-22283670.00,132689694.20,101334543.60
184324717.80,0.17,-0.02,0.09,22857000.00,-25642000.00,16536780.00,33957500.00,277825571.20,-12889790.45
168245613.90,0.18,0.00,0.09,41913000.00,32473000.00,26731390.00,11300490.00,288042117.80,123580396.20
179882897.90,0.18,0.00,0.09,12367000.00,3222000.00,14076430.00,20807990.00,265986885.30,122950938.50
184324717.80,0.19,-0.01,0.09,40788000.00,-19222000.00,42148680.00,31962710.00,132567549.60,-74182059.34
178151556.00,0.19,-0.01,0.09,2831000.00,-8732000.00,13963870.00,21755030.00,191922447.70,93921743.18
176677740.80,0.18,0.00,0.09,-146000.00,-13677000.00,27074890.00,24116650.00,194288030.50,173638840.60
179015368.90,0.14,0.02,0.06,39411000.00,-54426000.00,85473033.40,66416059.90,256624800.00,286848304.90
178151556.00,0.15,-0.01,0.09,48583000.00,-68976000.00,73043610.00,65209130.00,171335988.40,116351430.00
209896658.80,0.15,0.02,0.05,104517000.00,16020000.00,121415209.90,30023818.50,330042853.10,767272429.70
248938045.70,0.13,0.01,0.05,8754000.00,17055000.00,13504549.20,22378937.60,316634653.40,545262047.90
220141216.60,0.13,0.01,0.05,80560000.00,19190000.00,85075588.00,18771584.80,290873640.00,497902361.00
2520086.17,0.11,-0.04,0.09,-244657.00,-1281581.00,1289226.42,-469695.41,3669409.98,-1244728.28
3074078.33,0.12,-0.03,0.09,2046290.00,2653001.00,1263122.85,-2105587.97,3653190.19,-3079436.06
3058851.02,0.13,0.01,0.09,2652714.00,-418659.00,2006061.08,2787112.16,4500020.79,4365584.24
3056143.02,0.12,-0.02,0.09,36714.00,330357.00,229780.33,292662.64,4516297.01,1887309.87
2589283.69,0.12,-0.01,0.09,43018.00,-481626.00,562847.34,1028292.84,3967841.17,2610233.75
1844462.94,0.12,0.01,0.09,2744195.00,123430.00,3440126.32,941420.91,4613111.59,4404480.46
2919993.38,0.13,0.00,0.09,5053185.00,-126578.00,3042342.58,3636221.42,4881074.49,4805733.50
2944649.77,0.12,0.00,0.08,1788380.00,-926557.00,2061008.27,2349169.80,4087685.02,5581079.64
2095934.90,0.14,-0.04,0.09,1806448.00,-29546.00,1278785.16,434466.56,2744311.34,-871652.65
2362684.38,0.15,0.06,0.09,411882.00,3543064.00,-96839.03,1696943.63,6251577.40,15294284.66
8995340.95,0.15,0.08,0.08,4158857.00,1511672.00,3242812.19,6372095.76,10397874.13,23037268.80
16259769.08,0.11,0.07,0.07,4855824.00,4669386.00,5306243.42,1492072.41,10829887.58,31555332.72
14968347.12,0.17,0.05,0.08,11424514.00,6308719.00,8122934.79,4273193.50,11531728.88,32104400.18
14323263.13,0.15,0.07,0.08,1293539.00,8340200.00,2160233.62,1492275.44,15075944.72,47921938.07
27492351.15,0.14,0.03,0.07,7064517.00,-8899526.00,8155466.87,13854213.14,14963027.45,46634229.09
15967191.35,0.18,-0.01,0.09,13966129.00,6610427.00,8773524.30,139791.48,13661437.68,8725298.76
13639109.59,0.14,0.02,0.07,510133.00,-304455.00,1761890.25,4362199.59,15483954.70,41668639.08
15102375.08,0.17,0.02,0.07,14538713.00,16311156.00,3988719.07,-228922.20,15145785.65,46066614.94
18646382.11,0.17,0.00,0.08,-914201.00,-10372482.00,4318433.47,9031702.57,13005710.77,29385241.19
14115805.97,0.19,0.00,-0.29,6238098.00,-3502590.00,6442707.12,2906536.79,15021300.63,22924720.93
15484513.29,0.15,0.02,0.07,-600303.00,-1347715.00,1188738.02,5123124.20,13437493.65,47501946.03
19422147.56,0.20,-0.02,0.09,5204755.00,6179275.00,2070462.46,-2979218.78,16867078.05,-5677073.55
17525323.19,0.20,-0.01,0.09,-984696.00,-167040.00,-1506522.13,2087036.11,31384369.90,1661821.60
16498146.41,0.16,0.02,0.06,4900732.00,7601701.00,376609.75,3029113.04,34371177.62,36864584.82
16572202.55,0.18,0.02,0.07,3486841.00,3961087.00,3441431.78,3135639.74,27804383.88,40003500.55
13548082.43,0.15,0.03,0.07,2502562.00,1417746.00,7870037.42,1184602.00,30317180.54,47392232.24
15300743.70,0.14,0.05,0.07,-3444808.00,6934619.00,-2099286.04,3516836.31,56103307.01,91718107.70
23767537.53,0.14,0.04,0.07,9415566.00,12420339.00,7845372.20,120572.59,50608115.93,84533684.06
19022240.95,0.13,0.03,0.07,5058261.00,-132659.00,7702080.67,5464021.59,48094205.30,57760101.91
36340172.28,0.12,0.03,0.07,7591917.00,-1302787.00,9704351.89,7810438.50,49819526.71,65824857.66
38188012.38,0.12,0.03,0.07,5531110.00,-5897484.00,7147161.48,13279446.90,49990706.94,64624381.33
35983160.50,0.13,0.03,0.07,10893379.00,16745475.00,5295197.08,-2311160.65,47364601.67,63032538.93
41514588.98,0.14,0.00,0.09,2144826.00,-2745484.00,3834448.66,4755935.10,39875616.00,20021391.07
32719085.00,0.13,0.03,0.09,-374244.00,141787.00,2506453.24,5231896.90,48182505.91,35164146.05
25606115.48,0.12,0.02,0.08,4644466.00,-2232771.00,6339645.41,9401831.55,51442698.83,48684241.73
29452591.88,0.11,0.02,0.07,1556082.00,-1501658.00,3209209.40,8436362.07,56026333.20,49029185.45
29510463.91,0.13,0.00,0.09,17058819.00,-1075265.00,11094933.37,11236331.42,44090544.81,18815361.29
18827055.01,0.14,0.01,0.09,8636976.00,3278573.00,5410199.76,6349839.12,54799841.44,30018876.11
21284159.39,0.16,0.01,0.08,28368185.00,7293531.00,14988216.94,17494252.33,84697749.63,127833479.00
19707210.55,0.14,0.01,0.07,4054631.00,-4506237.00,11135921.12,6600788.01,79167742.42,100506752.50
17059423.53,0.14,0.01,0.07,8469611.00,-820419.00,10748338.70,3061833.76,79796839.24,57279993.68
288956447.50,0.13,0.01,0.07,84538000.00,-32704000.00,84687765.00,138422671.00,390352871.80,555407219.60
288956447.50,0.12,0.01,0.07,6638000.00,522553000.00,7911084.00,-443621887.60,235608635.40,449813960.10
190936922.30,0.13,-0.01,0.09,578000.00,-24840000.00,10464240.00,30589540.00,138326662.80,26787196.86
190936922.30,0.13,0.00,0.06,-16189000.00,-17868000.00,-6654799.30,49808509.60,261142351.20,140000552.30
190936922.30,0.12,0.02,0.07,15013000.00,87981000.00,18571867.80,16685964.50,392557826.40,425866094.10
190936922.30,0.12,0.01,0.07,95234000.00,20748000.00,94412352.50,50665655.00,290708462.40,289237441.60
276929243.10,0.13,-0.01,0.09,-19031000.00,-13933000.00,-14017220.00,20004830.00,186552555.50,17057546.42
276929243.10,0.11,0.00,0.06,-12650000.00,20305000.00,-2869141.40,5929793.00,324563313.30,127703202.50
276929243.10,0.12,0.02,0.07,57863000.00,100782000.00,60366004.50,2621177.50,438161525.50,425975858.80
276929243.10,0.13,0.01,0.07,127582000.00,79275000.00,58799689.90,53469586.40,303611036.20,229225054.70
299079543.20,0.13,-0.01,0.09,-48114000.00,-22835000.00,-45233660.00,11176230.00,256702612.90,-94822947.81
299079543.20,0.12,0.00,0.06,-3187000.00,-2031000.00,9400930.00,33052853.70,373050640.10,205784023.90
299079543.20,0.13,0.00,0.07,-12078000.00,33750000.00,-9063400.00,35579275.00,501437194.40,350769168.40
299079543.20,0.13,-0.02,0.09,74534000.00,-40631000.00,78392950.00,13537480.00,405417738.80,-198726193.70
324851959.20,0.13,-0.01,0.09,-10762000.00,-29057000.00,-7918790.00,20403780.00,232809745.70,-122784953.80
324851959.20,0.12,0.01,0.06,-47373000.00,39728000.00,-44898902.20,22121132.80,359082066.50,592270988.60
324851959.20,0.13,0.01,0.06,36516000.00,46482000.00,38295666.40,22040620.30,441146234.70,560605676.70
324851959.20,0.12,0.01,0.06,78349000.00,21893000.00,81806587.40,49631716.20,361484037.30,673846927.30
361616825.20,0.13,-0.01,0.09,-706000.00,-14703000.00,2361840.00,29530700.00,425903030.00,48034481.26
361616825.20,0.12,0.00,0.07,-42173000.00,42788000.00,-39546885.00,10472607.00,576900581.90,271830595.00
361616825.20,0.12,0.02,0.06,57149000.00,89216000.00,59361975.00,8886105.00,761485012.70,548062566.50
361616825.20,0.12,0.01,0.07,66976000.00,24755000.00,85497773.40,49784463.00,638640199.50,513787343.10
481958594.40,0.13,-0.01,0.09,12109000.00,-47621000.00,15767710.00,52882360.00,702205624.20,4316368.56
481958594.40,0.12,0.01,0.06,-21395000.00,39187000.00,-18181489.30,21456151.30,966064039.00,431626578.90
481958594.40,0.12,0.02,0.06,48237000.00,69016000.00,51584100.80,40484190.40,1284569446.00,760266659.40
481958594.40,0.11,0.01,0.06,97194000.00,7747000.00,110337745.60,50669207.60,1065297570.00,489486471.80
556409778.00,0.12,-0.01,0.09,32398000.00,-63406000.00,35814970.00,41165030.00,777905604.80,-192586447.50
556409778.00,0.11,0.00,0.06,22721000.00,25412000.00,25684384.00,36314940.00,1267024549.00,422132694.90
556409778.00,0.12,0.02,0.06,57446000.00,77108000.00,60515174.00,50170454.90,1589568061.00,889491708.70
556409778.00,0.11,0.01,0.06,71123000.00,36582000.00,89359434.70,50345565.30,1330733424.00,663767834.40
421597485.30,0.12,-0.01,0.09,-23578000.00,-55843000.00,-20404350.00,63827990.00,843176109.90,20829863.70
421597485.30,0.14,0.00,0.09,85900000.00,46349000.00,-16819630.00,104703060.00,1207967387.00,223363714.10
421597485.30,0.13,0.02,0.07,130173000.00,280598000.00,136922980.00,-99761160.00,1579840770.00,897678302.60
421597485.30,0.12,0.00,0.07,38084000.00,-1944000.00,92913697.70,33772062.80,1335490180.00,416353446.20
500278949.20,0.13,-0.01,0.09,-14209000.00,-72617000.00,-9135940.00,62450250.00,1101299605.00,-90274627.38
567553207.10,0.14,-0.04,0.09,-1165000.00,-157673000.00,-31439180.00,60101980.00,1402902044.00,-767877855.80
383115978.80,0.14,0.01,0.07,63657000.00,86819000.00,79895345.00,8098855.00,1933419135.00,495842456.50
678982904.70,0.10,0.01,0.09,-13000000.00,125000000.00,-13000000.00,47002200.00,1643488120.00,998408096.00
526446937.50,0.10,0.01,0.09,10000000.00,2338000000.00,11403800.00,-2162598600.00,1715246052.00,1006798080.00
978702288.50,0.10,0.01,0.06,9000000.00,57000000.00,11300000.00,67300000.00,1347687654.00,466521066.00
978702288.50,0.10,0.02,0.06,438000000.00,135000000.00,445028500.00,104026000.00,1368177014.00,914192796.00
978702288.50,0.10,0.02,0.06,124000000.00,80000000.00,131078700.00,143084700.00,1257534470.00,749261106.00
978702288.50,0.10,0.01,0.06,31000000.00,-389000000.00,38170500.00,578164800.00,1199652028.00,683288430.00
831689949.40,0.10,0.02,0.07,251000000.00,56000000.00,255134000.00,192137600.00,1253634767.00,885065662.00
831689949.40,0.10,0.02,0.07,9000000.00,165000000.00,22597000.00,64593600.00,1327092039.00,962286156.00
831689949.40,0.10,0.03,0.09,108000000.00,295000000.00,110370000.00,33860000.00,1289283149.00,908825814.00
831689949.40,0.10,0.01,0.07,350000000.00,172000000.00,358913000.00,40912000.00,1046766126.00,813785206.00
840452932.60,0.10,0.02,0.06,-91000000.00,118000000.00,-89180000.00,97820000.00,1221572481.00,685558760.00
840452932.60,0.10,0.02,0.06,59000000.00,177000000.00,70691000.00,56687500.00,1258811822.00,824994440.00
840452932.60,0.10,-0.01,0.09,64000000.00,-26000000.00,65580000.00,-51860000.00,1216078152.00,-110386580.00
840452932.60,0.10,0.00,0.09,171000000.00,-47000000.00,170813800.00,132814900.00,1046974915.00,313730280.00
926466401.10,0.10,0.02,0.05,-73000000.00,295000000.00,-72254200.00,-88249800.00,1242106822.00,1415138356.00
926466401.10,0.10,0.01,0.06,7000000.00,-45000000.00,16857100.00,248852600.00,1324280100.00,1288409548.00
926466401.10,0.10,-0.01,0.02,195000000.00,58000000.00,191384600.00,-119615600.00,1191852090.00,337943488.00
926466401.10,0.10,-0.01,0.09,232000000.00,-499000000.00,234630000.00,448350000.00,1140918240.00,-168971744.00
390522190.50,0.10,-0.01,0.09,-4000000.00,-167000000.00,-2000000.00,140620000.00,1049223729.00,-51820936.00
390522190.50,0.10,0.00,0.09,170000000.00,129000000.00,170000000.00,-38090000.00,1064644041.00,621851232.00
404731347.90,0.10,0.01,0.03,-35000000.00,129000000.00,-28000000.00,3999000.00,1434693280.00,775701654.00
404731347.90,0.10,0.01,0.03,58000000.00,24000000.00,58000000.00,105996800.00,1245617120.00,700633752.00
404731347.90,0.10,0.01,0.12,130000000.00,51000000.00,140895900.00,55898200.00,1121990400.00,733997264.00
655576455.50,0.10,0.01,0.03,-18000000.00,29000000.00,-18000000.00,72997600.00,1604161584.00,564872088.00
655576455.50,0.10,0.01,0.06,7000000.00,44000000.00,13342800.00,66340800.00,1625099436.00,701810776.00
655576455.50,0.19,-0.01,0.09,672000000.00,410000000.00,24370000.00,144910000.00,1728178092.00,-504961412.00
655576455.50,0.24,-0.02,0.09,52000000.00,168000000.00,60740000.00,-249960000.00,1916618760.00,-85586680.00
715196651.80,0.22,0.01,0.05,-112000000.00,97000000.00,-108300000.00,6700000.00,1842205582.00,682297652.00
715196651.80,0.19,0.02,0.05,143000000.00,-339000000.00,331928500.00,339927100.00,1822217818.00,1173953313.00
715196651.80,0.18,0.01,0.05,28000000.00,106000000.00,32426200.00,10425900.00,1722278998.00,782635542.00
715196651.80,0.15,0.07,0.09,-47000000.00,287000000.00,-39050000.00,33230000.00,1560711239.00,471588083.00
663131509.10,0.15,0.03,0.06,-51000000.00,171000000.00,-116186200.00,205809400.00,1550931852.00,1716424747.00
663131509.10,0.19,0.01,0.07,579000000.00,595000000.00,108064900.00,22066300.00,1893093118.00,862705632.00
663131509.10,0.19,0.01,0.07,166000000.00,191000000.00,90210000.00,55208000.00,1909528812.00,1015476421.00
663131509.10,0.20,0.01,0.08,286000000.00,352000000.00,148351200.00,-61648000.00,1987224820.00,862705632.00
897721427.20,0.21,0.01,0.08,48000000.00,-13000000.00,67857500.00,158858300.00,2361467260.00,1997583356.00
1097488002.00,0.21,0.01,0.08,-8000000.00,-27000000.00,55909800.00,142911600.00,2505974958.00,2167189490.00
1060438385.00,0.20,0.01,0.08,115000000.00,111000000.00,139500000.00,67500000.00,2511261825.00,2506401758.00
283575357.70,0.20,0.02,0.11,32639000.00,49501000.00,42864582.30,16353231.00,207063931.00,307806366.60
324381221.90,0.20,0.01,0.08,134500000.00,-76482000.00,49279233.60,243349195.20,258684486.10,400464110.00
336408288.10,0.18,0.01,0.08,33476000.00,8671000.00,44998032.00,31748474.50,220787879.60,158849685.60
336408288.10,0.17,0.01,0.08,-8589000.00,18095000.00,6077529.30,33437501.30,242797473.80,215938626.30
336408288.10,0.17,0.02,0.07,75637000.00,40063000.00,85369509.00,48396136.20,309899225.40,339755082.30
336408288.10,0.18,0.02,0.08,119632000.00,55635000.00,130478598.00,51200840.00,277428674.40,339045264.80
493108086.70,0.15,0.01,0.07,56666000.00,41573000.00,69768111.20,27408910.60,315442052.90,339692509.00
493108086.70,0.14,0.02,0.07,-32758000.00,12501000.00,-22434437.00,113609559.00,365655875.00,579567363.20
493108086.70,0.15,0.02,0.07,-8402000.00,105774000.00,-37735980.90,38418976.30,416289952.10,464119667.00
493108086.70,0.16,0.00,0.07,100295000.00,-13287000.00,97974304.00,87398803.00,373138349.10,265014988.90
616648138.30,0.15,0.01,0.07,29165000.00,1430000.00,63314499.90,46217822.30,435309548.80,313892864.60
616648138.30,0.16,0.01,0.06,-30542000.00,142772000.00,-31398518.20,-26334462.20,583084609.70,493210085.20
616648138.30,0.14,0.01,0.06,74496000.00,-98244000.00,143791607.20,138304034.00,629328108.50,499544693.80
616648138.30,0.16,0.02,0.06,203175000.00,211757000.00,91253892.70,36504821.50,549760232.90,586123728.40
830308362.70,0.18,0.01,0.07,145449000.00,243076000.00,54576910.00,-39944726.00,602633088.00,801103686.30
830308362.70,0.20,0.01,0.07,81173000.00,112675000.00,33984391.80,86188735.50,641321344.00,1128555757.00
830308362.70,0.18,0.02,0.07,95381000.00,-32109000.00,154626404.80,155671585.60,832716560.00,1416900499.00
830308362.70,0.18,0.01,0.07,53835000.00,55105000.00,95687511.90,76141346.20,760389280.00,1302793268.00
740481814.90,0.19,0.00,0.07,74306000.00,135675000.00,19200052.80,25438366.40,580859147.90,886164465.80
740481814.90,0.22,0.01,0.08,255088000.00,280220000.00,110361431.00,21499265.00,671469774.10,1418641975.00
740481814.90,0.21,0.01,0.07,33890000.00,100935000.00,53453581.10,76587279.60,797764542.70,1820379489.00
740481814.90,0.19,0.01,0.07,229073000.00,-89204000.00,262970673.20,196726870.00,746688346.60,1288147065.00
598433934.20,0.27,0.00,0.09,156632000.00,-36674000.00,145794670.00,135395820.00,1020368703.00,312283762.50
598433934.20,0.29,0.00,0.09,115929000.00,85659000.00,78644530.00,53044290.00,1084809691.00,391881372.10
598433934.20,0.21,0.00,0.07,84842000.00,-48486000.00,122627949.60,123521540.60,1129947165.00,494168189.70
598433934.20,0.27,-0.03,0.09,-30096000.00,-264688000.00,125931900.00,80620850.00,1044936442.00,-103748057.90
994479191.10,0.27,0.00,0.09,21244000.00,29148000.00,36561820.00,46292410.00,1556076010.00,487104181.40
994479191.10,0.21,0.01,0.07,107122000.00,142515000.00,62563814.20,46136718.40,1968451127.00,997415301.00
994479191.10,0.20,0.02,0.07,67871000.00,35742000.00,134899804.60,110453842.00,2533519671.00,1583269730.00
994479191.10,0.19,0.02,0.07,100852000.00,153793000.00,109658035.40,45026533.80,2143330288.00,1538893023.00
1367603808.00,0.18,0.01,0.07,82783000.00,-152953000.00,190116161.20,228473630.00,1915411648.00,1302333740.00
1367603808.00,0.22,0.02,0.08,109522000.00,856850000.00,-224428001.30,-251182339.90,3125991025.00,2074737575.00
1367603808.00,0.20,0.02,0.07,145091000.00,-164575000.00,297339667.80,260956730.80,3234434392.00,1838510858.00
1367603808.00,0.24,0.04,0.09,80813000.00,389198000.00,24017550.00,-1398400.00,2650822793.00,1296822729.00
1142666616.00,0.24,0.01,0.08,137729000.00,68118000.00,112686478.40,133970571.20,2073763503.00,932228188.20
1142666616.00,0.25,0.02,0.08,170197000.00,417486000.00,11062378.50,34779868.70,2401819321.00,1680796274.00
1142666616.00,0.30,0.02,0.10,178156000.00,556754000.00,52465007.00,-43024772.70,2935424817.00,1985406314.00
1142666616.00,0.18,0.01,0.06,154052000.00,-744874000.00,550542553.20,546839727.80,2846830298.00,1289948626.00
1378435583.00,0.31,0.01,0.10,157293000.00,368788000.00,-3663695.60,31257665.40,2670483722.00,2587347610.00
1373489042.00,0.25,0.02,0.09,67277000.00,-439177000.00,422894548.40,467830605.20,3410358655.00,4475773425.00
1617705519.00,0.23,0.03,0.09,29188000.00,211168000.00,124474085.70,90003727.60,3546864038.00,4672601788.00
42762948.61,0.13,0.03,0.05,15182000.00,9178000.00,21287984.00,5225544.00,59275289.56,130197490.90
59788272.91,0.15,0.00,0.05,11059000.00,158012000.00,7238023.60,-140784768.60,65184415.04,94299727.70
57604982.15,0.16,0.01,0.06,-5769000.00,21387000.00,827972.30,-1837613.80,89028741.82,84529204.27
63759863.33,0.17,0.01,0.06,30392000.00,24305000.00,17688892.00,15359728.40,103379107.40,87473799.93
70972727.07,0.15,0.01,0.06,444000.00,-13742000.00,9436954.00,32817084.80,117202877.30,97750921.50
104259280.00,0.15,0.01,0.06,60657000.00,-6777000.00,78314195.60,31639149.50,169548004.30,147099448.40
108887836.00,0.13,0.02,0.06,21093000.00,6484000.00,35397898.70,22774427.60,192358286.10,184726005.10
145382640.10,0.13,0.02,0.06,19103000.00,16896000.00,28013735.90,22583625.30,188245778.30,207877972.00
123455880.20,0.13,0.03,0.06,-28835000.00,31620000.00,-21084003.60,16849263.20,200829335.40,253777878.70
183793803.80,0.13,0.02,0.06,48427000.00,75445000.00,26070885.40,-9958998.20,199536588.50,185956450.70
193365078.40,0.12,0.01,0.06,13200000.00,-23244000.00,41755115.00,33354865.00,176489720.00,164978712.00
147995053.20,0.12,0.01,0.06,12097000.00,18826000.00,4921690.00,30213275.00,204250685.70,179670786.80
170534200.00,0.12,0.02,0.05,-11013000.00,23711000.00,-9495745.00,28232070.00,261394826.30,238533105.20
191816656.60,0.15,0.01,0.05,153785000.00,115150000.00,91820682.50,2080145.80,291079441.70,230616684.40
295081048.80,0.15,0.01,0.06,19940000.00,8411000.00,11917776.00,43460711.50,270809897.40,314834627.00
269926772.90,0.15,0.02,0.06,32552000.00,12051000.00,25802431.80,52278373.20,293939986.80,432053864.20
339784279.80,0.16,0.02,0.06,94789000.00,135357000.00,47893347.80,-16885108.20,364166473.20,554058455.90
403940873.80,0.16,0.02,0.06,76752000.00,37143000.00,74910806.90,37964726.40,355279837.10,568590129.10
398017878.70,0.15,0.01,0.06,-20395000.00,-9882000.00,-6993860.80,47266800.40,282162858.60,448562930.00
386787165.00,0.15,0.01,0.06,47926000.00,20285000.00,41491915.60,47743798.70,309304453.30,566986900.00
368970553.00,0.16,0.02,0.06,41585000.00,53609000.00,26913921.00,48391948.50,368096735.70,803970181.70
318268710.80,0.15,0.01,0.07,69261000.00,13591000.00,60785375.90,46239514.60,292678073.20,436043824.60
248937951.30,0.15,0.00,0.07,16314000.00,621000.00,16954378.20,35449301.90,399212950.80,159856529.80
292977314.00,0.15,0.00,0.07,-11852000.00,-26827000.00,92746.80,57027957.60,491464500.00,191099700.90
272751860.20,0.15,0.01,0.07,34783000.00,74751000.00,15964483.10,17736729.80,565050267.20,391241599.20
313143946.30,0.15,0.01,0.07,96355000.00,49487000.00,77235137.50,30577636.10,505287240.80,318332934.80
355452371.10,0.15,0.00,0.07,-38904000.00,-7063000.00,-25309540.00,35363430.00,692023299.30,247553829.30
283373342.10,0.15,0.00,0.07,56089000.00,-37294000.00,69924048.00,70639098.30,734410019.80,290527644.80
296470096.30,0.14,0.00,0.07,70313000.00,58315000.00,54254700.80,3820534.40,816429489.50,294403018.00
331389971.80,0.15,0.01,0.07,10784000.00,30171000.00,17195192.00,27898508.40,967608524.60,471280902.80
325571089.70,0.15,0.00,0.07,53828000.00,-17915000.00,67751060.00,53946100.00,937794811.30,318304493.80
353174346.70,0.14,0.02,0.07,77815000.00,-53319000.00,91289864.00,117301168.00,1054142749.00,564113934.90
402748560.90,0.15,0.01,0.07,68198000.00,73625000.00,56910891.60,16815027.40,1015973050.00,527289218.70
375560433.10,0.16,0.02,0.09,53331000.00,65550000.00,49454390.00,15017290.00,967047558.60,429282372.00
351508297.50,0.16,0.00,0.08,6181000.00,-44691000.00,20578271.20,68308231.20,751651007.30,172467131.90
416650793.90,0.20,0.01,0.08,194865000.00,263142000.00,22953202.70,-26186223.30,967353744.00,324034996.30
392671410.40,0.18,0.02,0.08,-30632000.00,-84575000.00,23513988.80,147161800.50,1355190151.00,619051018.00
299161216.40,0.18,0.02,0.08,166287000.00,49974000.00,172398806.90,65738412.80,1308622646.00,646975102.10
372124193.70,0.20,0.00,0.08,-56182000.00,-26885000.00,-58146120.80,84084973.40,1180680578.00,572476482.20
386700842.70,0.22,0.01,0.08,39154000.00,80804000.00,6072360.00,40772280.00,1409783917.00,1018998227.00
371460235.40,0.21,0.02,0.08,29958000.00,-21874000.00,78241060.00,94572740.00,1543877126.00,1459210798.00
43706968.21,0.10,0.03,0.06,256000.00,12975000.00,10309195.20,-77379.20,57087160.41,131449715.40
50273497.54,0.10,0.00,0.06,4961000.00,50077000.00,4974656.00,-41603352.20,39371459.33,36546820.35
46279339.34,0.09,0.00,0.06,6300000.00,-12592000.00,16509268.00,13813308.00,44389922.77,32644868.15
34180803.03,0.09,0.01,0.06,5547000.00,5195000.00,10764999.80,7582661.80,60189682.14,55514360.30
29742724.86,0.08,0.01,0.25,-6890000.00,-40668000.00,18269158.70,30316930.70,61224389.46,45602129.04
32108788.12,0.08,0.03,0.23,13918000.00,24520000.00,14106759.20,2321036.10,71073422.89,92607024.54
50005147.16,0.08,0.00,0.10,13697000.00,-8170000.00,13741833.00,16724828.00,54211235.47,29158247.34
39067210.22,0.08,0.01,0.38,7441000.00,4956000.00,7772038.80,12172926.00,70090005.09,62625750.22
31524037.78,0.08,0.01,0.06,10106000.00,11891000.00,2350909.20,11917751.20,86960413.71,63795854.64
33970861.76,0.09,0.01,0.06,42747000.00,17176000.00,28712859.20,11405700.80,99834942.48,58315845.19
41545757.06,0.09,-0.01,0.09,-18454000.00,-32699000.00,-6084790.00,19320010.00,77722723.44,-30844990.30
33823189.45,0.11,-0.02,0.09,8324000.00,-4712000.00,8148030.00,1595560.00,98546552.75,-32147192.62
42970952.17,0.09,-0.02,0.09,4650000.00,-20996000.00,10430080.00,11786960.00,276985940.70,-24709979.84
49718041.56,0.09,-0.01,0.09,-3158000.00,-884000.00,-1736520.00,3760780.00,258760016.90,19345417.02
95425275.40,0.19,0.01,0.08,82721000.00,138759000.00,-3641882.40,-30626018.40,415612278.30,109620726.30
109494419.40,0.18,0.02,0.08,2362000.00,10513000.00,20047504.00,2394608.00,513112801.70,156636432.40
110765239.90,0.16,0.01,0.09,17297000.00,19524000.00,20011120.00,-4351970.00,428260511.60,96241467.58
82155504.13,0.18,0.01,0.08,-26160000.00,3406000.00,-18444009.40,8178004.60,336204991.30,86995468.30
94298613.22,0.17,0.02,0.08,16858000.00,24152000.00,20598589.60,2972818.90,406080722.60,139017704.50
89163291.01,0.15,0.02,0.07,32284000.00,7674000.00,40884571.20,15260427.20,440128557.40,157183065.60
70673841.04,0.16,0.01,0.08,18746000.00,10996000.00,21988354.50,11464208.30,385591880.40,117333586.10
95719022.33,0.16,0.00,0.08,-21175000.00,-19617000.00,-12757144.00,29222868.80,401617595.50,179582087.50
97689487.28,0.16,0.02,0.08,15139000.00,14967000.00,17955839.20,11368077.40,473597043.60,295690374.70
90229194.06,0.15,0.02,0.08,10684000.00,13142000.00,18068830.40,8443107.40,523116651.50,299252679.80
161311298.60,0.14,0.01,0.07,-98854000.00,45818000.00,-2123072.10,-68387260.50,681629587.10,442594279.40
161311298.60,0.14,0.01,0.07,30468000.00,625892000.00,34896466.00,-545468847.90,631123040.90,426986613.50
225853301.80,0.14,0.01,0.07,-61086000.00,41794000.00,-55710621.30,12687419.40,456731917.60,206199559.30
148882441.30,0.13,0.01,0.08,72406000.00,52580000.00,79122237.60,25995514.60,482761268.00,303530095.20
202456493.50,0.13,0.01,0.07,-54974000.00,25380000.00,-41046302.80,39453866.40,386370150.20,280011942.70
227236046.50,0.17,-0.01,0.09,353501000.00,542417000.00,73633463.00,-202653501.10,363217169.50,186501712.80
293596121.40,0.17,0.00,0.09,-14584000.00,15423000.00,-35071575.00,44094910.00,333438645.50,158665097.90
272194680.20,0.19,0.01,0.09,164182000.00,335222000.00,-25502980.00,-79054455.00,444299087.10,286890367.60
266746333.70,0.22,0.01,0.09,58292000.00,96680000.00,-14836733.20,87190790.20,632103240.00,489249289.70
259187887.30,0.19,0.01,0.08,-41032000.00,-264592000.00,122983740.00,196870300.00,604112968.70,404742152.30
302472173.20,0.22,0.00,0.05,-14974000.00,50739000.00,-22088309.40,-21913338.50,570270785.20,202297313.00
382131705.40,0.23,0.00,0.09,-5185000.00,164332000.00,-65500283.20,-32802062.40,685920620.00,545087552.30
371173988.60,0.22,0.00,0.08,38946000.00,-41467000.00,66532369.90,86022472.00,727463620.40,555845932.40
405831115.10,0.23,0.01,0.09,27498000.00,43937000.00,46425796.50,27897749.00,711798212.70,698027705.40
459200498.40,0.21,0.01,0.09,5651000.00,-43451000.00,71460667.20,93921618.40,759396818.50,920163803.00
508170114.70,0.22,0.00,0.08,30292000.00,174226000.00,-27869696.00,-42217584.00,593928535.80,719470399.30
546764612.60,0.22,0.01,0.08,-2382000.00,156460000.00,4092771.50,-61990834.50,674308191.10,1007146787.00
510901490.60,0.23,0.01,0.09,42008000.00,312576000.00,-67302348.80,-93856035.20,777632144.70,1117719204.00
464232203.10,0.20,0.01,0.08,69791000.00,-98047000.00,130510310.00,129268431.40,747282649.20,1070066200.00
457442584.60,0.22,0.00,0.09,20657000.00,58196000.00,9518787.50,-1718549.00,1105281127.00,234322066.50
450948459.50,0.22,0.00,0.08,3258000.00,22615000.00,732978.80,36330266.00,1360206806.00,321484174.50
376099858.70,0.20,0.00,0.08,-5490000.00,-59487000.00,61653513.00,65834435.50,1389537877.00,436468308.40
379464041.40,0.23,0.00,0.09,-14587000.00,39644000.00,1576713.20,-250797.00,1244536610.00,263263864.30
362145728.40,0.20,0.00,0.08,26181000.00,50455000.00,27931304.00,20442345.20,1772339199.00,569270876.00
453277330.10,0.20,0.01,0.08,10766000.00,78327000.00,1621798.00,26380458.00,2136093878.00,726929167.20
407326471.30,0.20,0.01,0.08,94766000.00,91228000.00,100173136.90,13718870.30,2176669096.00,852701153.90
490062590.50,0.22,0.01,0.09,-13322000.00,79175000.00,35712339.40,-4009471.40,2035617631.00,783831833.00
545275825.30,0.20,0.00,0.09,-9940000.00,147073000.00,-17636018.40,-50264040.40,1886691983.00,622531216.40
516606000.60,0.20,0.01,0.09,86670000.00,252522000.00,13219941.80,-72232704.40,2106053331.00,876423376.10
509839809.90,0.22,0.01,0.09,58831000.00,117006000.00,49238553.10,-18255290.90,2025394180.00,618248184.60
437512913.50,0.20,0.02,0.09,21841000.00,-203776000.00,193279820.00,195143970.00,2014525145.00,750169826.30
417161866.90,0.22,0.00,0.09,21705000.00,120353000.00,-44834650.00,-34710330.00,1552454899.00,78932083.18
380912351.00,0.20,0.01,0.09,41492000.00,3784000.00,49340849.60,81691670.40,1691262265.00,568640625.00
391955323.20,0.20,0.00,0.09,18408000.00,2763000.00,54573449.70,52825377.70,1695870605.00,511971665.50
345603539.00,0.19,0.01,0.09,25325000.00,33098000.00,79356943.50,61974217.30,1786689026.00,881054879.30
402107382.20,0.22,0.00,0.06,23735000.00,274013000.00,-113765377.50,-116173335.10,1721668855.00,621060098.30
